alk_Q1,alk_Q2,alk_Q3,alk_Q4,pH_Q1,pH_Q2,pH_Q3,pH_Q4,DBPsf_Q1,DBPsf_Q2,DBPsf_Q3,DBPsf_Q4,wc_freq_TTHM,wc_freq_HAA5,expect_solids,expect_lime,expect_co2
27.27705354,14.30327614,20.41028295,11.63355438,9.438261974,6.509386447,8.807390143,8.028966064,0.21257613,0.226351502,0.654583313,0.477990567,0.25,0.090909091,20.64685433,14.67396129,4.137590666
34.08491916,10.25563408,0,68.52487718,6.094640877,6.537315787,6.509859589,6,0.75,0.02,0.021633883,0.02,0.295454545,0.090909091,17.66976294,79.48125785,86.69492787
34.08491916,56.90547546,0,25.69009946,6.094640877,7.914950352,6.118595967,6,0.75,0.02,0.1313528,0.02,0.181818182,0,23.78885813,62.73454813,59.68029209
7.096295666,56.90547546,0,25.69009946,6.094640877,9.5,6.118595967,6,0.315200213,0.02,0.75,0.02,0.181818182,0,23.95374551,60.78657234,57.12588624
14.22384966,59.65812139,0,10.00942959,6,7.955600744,6.057272692,6,0.75,0.02,0.653407718,0.02,0.136363636,0,24.08207385,68.01507354,65.83663418
33.45605007,58.90037831,0,22.5898443,6,8.960686762,6,6.14521183,0.75,0.02,0.184038832,0.75,0.136363636,0,24.14257155,63.9665825,60.80339247
33.12251843,57.45204466,0,24.56569353,6,6,6,6,0.75,0.02,0.75,0.02,0.272727273,0,20.50177608,96.5019507,104.3362831
19.59398968,35.76413785,37.50128965,1.012319294,8.189296602,6.822868092,6.838845789,8.432793878,0.447242893,0.75,0.75,0.609896744,0.25,0,23.52245331,23.44530279,11.81095332
24.17422566,28.78687992,32.09232668,12.9482398,6,6,6.396971738,6,0.223415196,0.577529959,0.75,0.02,0.25,0.113636364,17.44820419,70.48357628,75.78596746
111.7756624,82.06824347,17.90932926,27.43957706,7.312793206,7.083815747,8.647445456,6.586777591,0.02,0.02,0.02,0.02,0,0,29.87036238,55.09793915,43.97992106
33.45605007,58.90037831,0,22.5898443,6.916351644,8.960686762,6,6.490667535,0.4568106,0.025451632,0.184038832,0.733317607,0.136363636,0,25.19793622,38.64706213,28.61101232
11.6093414,26.04743145,1.882655132,34.13451852,9.5,7.304472043,9.5,8.195259397,0.75,0.75,0.02,0.75,0.25,0.045454545,21.89410674,13.46323681,1.366545391
65.5399178,67.83153256,30.72192531,1.713391731,6,9.5,6.073695315,7.269807159,0.02,0.02,0.75,0.02,0.045454545,0,26.90920611,84.41056617,83.00083423
21.20228733,31.17994773,11.79979652,81.57531538,6,8.465725281,6,6,0.75,0.02,0.56263691,0.02,0.295454545,0,19.1331293,99.43823272,109.5597439
0,21.56657626,35.15813871,15.24496569,7.035222508,6.695265153,6.36401096,8.838467287,0.503380696,0.57208222,0.606873926,0.38529903,0.25,0.090909091,20.20047715,23.74864058,15.64027703
15.71494294,81.72647024,47.30744639,40.7813929,6,9.105414157,6,6,0.35894747,0.02,0.49225183,0.292356346,0,0,27.47362321,100.0145119,101.3000473
33.66265693,67.39214941,31.10900163,25.67698639,6.070315516,6.074012879,6,6,0.75,0.75,0.729457305,0.75,0.159090909,0,23.00997239,103.459549,110.1432329
0.422262224,56.22857519,0.631488025,24.3543211,6.004475789,7.840937473,6.118595967,6,0.75,0.02,0.151895495,0.02,0.204545455,0,23.60812007,65.6568339,63.46024813
10.24097088,70.3128494,27.57699544,28.96527743,9.5,8.876411491,6.401628693,6.203487721,0.506202351,0.111032491,0.559536188,0.730088967,0.045454545,0,28.30335132,42.90225039,30.58225116
18.38562144,60.42853773,9.85013873,38.14017278,7.077584591,8.457329912,8.252376773,6.433410191,0.356062803,0.343086446,0.437614597,0.412285505,0.090909091,0,27.37202797,33.96727437,20.68816391
0,80.18203504,31.4702238,14.06594201,9.5,9.172512471,6,6,0.536103618,0.02,0.725071648,0.75,0.022727273,0,28.11311316,61.34876912,53.28009806
5.608105183,24.17956132,15.8072467,37.15578888,9.243983477,8.199833084,6.863124358,9.053254291,0.735797337,0.608710412,0.579213439,0.030518796,0.295454545,0.022727273,21.42461404,13.72965032,2.176557843
34.53600909,56.90547546,0,25.69009946,6.004940813,7.936609728,6.118595967,6,0.75,0.02,0.75,0.223876234,0.181818182,0,23.73579014,67.01669293,64.99618943
0.259095945,27.96899175,30.66733842,35.13187157,6.052604722,7.588306847,6.015102852,6.041462425,0.02,0.037907699,0.748474096,0.153761937,0.25,0.022727273,18.62075823,63.42861025,65.91590701
49.80307304,111.8704327,70.77406594,24.38652369,6,6,6,6,0.75,0.02,0.02,0.75,0,0,25.24126187,186.3373063,208.9352177
29.2608925,61.32926245,31.73115745,26.50177591,9.008598914,9.5,6,6,0.02,0.02,0.75,0.589104733,0.090909091,0,25.72534877,55.55503602,48.70537363
1.419017211,79.27585618,19.18165571,21.33623721,9.424241037,8.194518626,8.607335377,7.717643638,0.502037375,0.686623113,0.025022778,0.562510222,0,0,32.25994337,31.3474135,12.30553714
7.096295666,56.90547546,0,25.69009946,6.094640877,9.5,6.118595967,7.615778349,0.322948738,0.02,0.75,0.02,0.181818182,0,25.18917364,43.92621059,35.17636079
7.096295666,56.90547546,0,25.69009946,6.094640877,7.257487924,7.248878991,6,0.315200213,0.02,0.75,0.02,0.159090909,0,24.39733302,56.59720366,51.59225958
0,80.18203504,31.4702238,14.06594201,9.5,7.650240008,6,6,0.536103618,0.02,0.725071648,0.75,0,0,27.86219235,62.72975774,55.22334307
0,71.35740056,10.26702978,39.33095686,8.958783981,9.5,7.615077119,9.5,0.46339315,0.75,0.75,0.023399661,0.068181818,0,31.21362634,28.22492355,9.603283727
34.08491916,86.54251998,40.47174511,68.52487718,9.377853804,6.101413004,6.118595967,6,0.193487758,0.02,0.75,0.600235567,0.045454545,0,25.89936871,129.0189635,138.3003157
0,21.56657626,35.15813871,15.24496569,7.035222508,6.695265153,6.36401096,6.175835349,0.503380696,0.57208222,0.606873926,0.38529903,0.25,0.090909091,18.92193851,34.55104562,30.21010204
5.608105183,24.17956132,15.8072467,37.15578888,9.243983477,8.199833084,6.863124358,7.305525218,0.735797337,0.608710412,0.579213439,0.030518796,0.295454545,0.022727273,21.1264813,14.70031738,3.677751547
24.17422566,16.01786167,32.09232668,12.9482398,6,6,6.396971738,6,0.088881462,0.577529959,0.443862528,0.02,0.25,0.159090909,16.7182876,66.29611672,71.42744621
27.27705354,14.30327614,20.41028295,11.63355438,9.438261974,6.509386447,7.194052439,8.028966064,0.21257613,0.226351502,0.654583313,0.477990567,0.295454545,0.090909091,20.30034995,14.7500645,4.58912125
2.903896007,66.05550958,30.69735546,24.51214913,6.112301851,6.17068308,6.027907615,6.067623948,0.742489724,0.724962219,0.154364382,0.717875246,0.159090909,0,23.67418917,91.17130424,94.42524005
21.85355051,30.5525081,4.685755593,0.937032164,7.289844632,6.751110058,8.41135205,6.358504395,0.338691178,0.329282169,0.078762654,0.238962078,0.272727273,0.022727273,20.72475207,23.24875232,14.56191779
0.560032408,44.61935374,29.19751068,33.41719705,7.907637704,8.018923931,8.572960092,9.469257444,0.444417107,0.322646503,0.037426777,0.521028903,0.204545455,0,25.70523926,20.21146254,5.60427579
21.49337961,10.37520167,7.872832126,43.6923389,8.406783925,7.478709762,6.453538516,8.160333711,0.157808232,0.75,0.513442195,0.204417608,0.295454545,0.045454545,20.72010627,16.72096252,6.553694523
32.83788269,20.18477539,14.70421607,36.34444115,7.765069238,7.704091662,7.58952939,6.624460615,0.497273688,0.511241889,0.3766673,0.275053708,0.295454545,0.045454545,20.29872991,16.87809337,7.222715517
5.149785815,47.02128015,13.4926018,28.52414512,6.291028155,6.739502222,8.578258289,7.505745071,0.252522702,0.590861105,0.492831494,0.211133902,0.204545455,0,24.24268723,33.25427084,23.13489616
49.80307304,81.2382815,70.77406594,24.38652369,6,6,6,6,0.75,0.02,0.02,0.75,0.113636364,0,23.45881986,162.2627633,181.4303933
20.86251293,64.64791301,12.45462461,12.03435628,8.319022352,8.475357678,6.545276479,7.489385869,0.421254641,0.101576103,0.347164873,0.75,0.090909091,0,27.96580396,27.47799266,12.08672211
27.27705354,14.30327614,20.41028295,11.63355438,9.438261974,6.509386447,7.771387626,8.39820961,0.21257613,0.226351502,0.654583313,0.477990567,0.295454545,0.090909091,20.52431266,14.57325328,4.142307019
34.08491916,10.25563408,0,10.83935987,6.094640877,6.537315787,6.879132454,6,0.75,0.02,0.021633883,0.02,0.295454545,0.090909091,17.72809719,48.29943891,48.44374158
19.59398968,35.76413785,37.50128965,1.012319294,7.103240942,6.822868092,6.838845789,8.432793878,0.447242893,0.75,0.75,0.609896744,0.25,0,23.28866491,24.42054749,13.25599994
49.80307304,111.8704327,70.77406594,24.38652369,6.810255483,6,6,6,0.75,0.02,0.02,0.75,0,0,25.97826649,160.2633149,176.1196011
0.259095945,27.96899175,30.66733842,35.13187157,8.800868574,7.588306847,6.015102852,6.041462425,0.02,0.037907699,0.68415285,0.153761937,0.25,0.022727273,19.58718272,46.01070063,43.49916648
29.2608925,61.32926245,31.73115745,26.50177591,9.008598914,9.5,6,7.034792308,0.02,0.02,0.75,0.589104733,0.090909091,0,26.73749735,39.74198207,28.27193532
34.08491916,32.95173844,0,54.15100427,6,8.531188299,6.118595967,6,0.75,0.02,0.75,0.02,0.295454545,0,19.56283501,76.65526552,81.22611185
20.86251293,34.98384724,12.45462461,12.03435628,8.319022352,8.475357678,6.545276479,7.832706663,0.421254641,0.101576103,0.347164873,0.75,0.272727273,0,22.51014555,17.05214761,5.08414248
0.259095945,27.96899175,26.53266499,35.13187157,6.052604722,7.588306847,6.015102852,6.041462425,0.02,0.700346448,0.333635433,0.153761937,0.295454545,0.022727273,18.52302528,60.7020925,62.70221499
32.83788269,20.18477539,14.70421607,36.34444115,7.765069238,7.704091662,6.700755402,6.624460615,0.497273688,0.716752378,0.3766673,0.275053708,0.295454545,0.045454545,19.9628444,18.29792369,9.296752137
34.48697166,38.09509437,24.08196582,39.7762992,6.777406865,6.382058392,6.025413096,6.468297077,0.493195144,0.511897678,0.569532991,0.739310433,0.272727273,0,20.68409213,45.36668604,41.55156276
19.39870154,49.34242796,17.17963081,23.75149102,8.454273271,8.397933322,9.069359978,7.530349187,0.152907475,0.41887814,0.483848699,0.683521277,0.204545455,0,26.15642785,20.44405504,5.418518464
5.608105183,24.17956132,15.8072467,36.96656299,8.852861264,8.199833084,9.109748724,9.053254291,0.603505491,0.608710412,0.615177905,0.061673051,0.25,0.022727273,21.94607814,13.05840232,0.821148265
20.86251293,34.98384724,14.63940886,12.03435628,7.77022873,8.475357678,6.561946881,7.484548315,0.421254641,0.109230832,0.347164873,0.74231135,0.272727273,0,22.34747739,17.04819419,5.251980685
32.83788269,20.18477539,12.51943181,36.34444115,8.31386286,7.704091662,7.572858988,6.629298169,0.497273688,0.604613737,0.3766673,0.282742358,0.295454545,0.045454545,20.38032248,16.84336229,7.092670011
32.83788269,20.18477539,14.70421607,36.34444115,7.765069238,7.704091662,9.466265524,6.28273473,0.497273688,0.247547327,0.116415617,0.275053708,0.25,0.045454545,20.35698395,23.0978021,14.7812356
37.89310388,73.92874159,30.12090762,26.56345482,8.351409668,7.226282726,7.623263866,7.189302839,0.34295732,0.513252013,0.387381728,0.517037907,0.022727273,0,31.17317627,34.31495039,17.07041096
9.001052926,56.62696538,0.006953376,26.20925536,6.565635343,9.5,6.510506538,6,0.417762295,0.02,0.036469113,0.026510405,0.159090909,0,24.58776199,45.40904362,37.63073633
34.08491916,9.971318208,0.531254008,68.10993615,6.118345024,6.537315787,6.449965964,6,0.75,0.02,0.577392214,0.106606428,0.295454545,0.090909091,17.69806453,78.73238385,85.74136536
40.44456725,71.61776942,40.73499362,26.09665549,6,8.490890613,6.12680184,6,0.529253683,0.150340853,0.588037631,0.158647175,0.022727273,0,27.40153658,87.45561648,86.08522584
1.600741647,24.49072964,34.32231934,16.410274,7.095134488,6.855939414,6.459805533,8.691623919,0.454140697,0.573023678,0.585963321,0.416962227,0.25,0.045454545,20.62451006,21.66534771,12.66703078
34.74952342,10.41869175,0,68.52487718,6.001153471,6.537315787,6.360559432,6,0.75,0.02,0.683995707,0.02,0.295454545,0.090909091,17.51639845,85.32611144,94.02073219
34.742363,33.88710492,23.90208682,5.251914383,6.030167176,6.563494563,6.02069586,6.27108673,0.75,0.705062127,0.74998501,0.02,0.272727273,0.022727273,19.32287236,57.27434916,57.65281695
26.00421236,20.01236961,0,33.50909243,8.446254978,8.417378302,7.730445895,8.338670149,0.090889982,0.609773204,0.505438105,0.224942913,0.295454545,0.045454545,21.43201197,12.2847297,0.411102989
60.25861856,67.83153256,30.72192531,1.713391731,6.081241915,9.460472665,6.073695315,7.269807159,0.02,0.02,0.733262758,0.02,0.045454545,0,26.95862957,73.60331632,69.67273662
32.25200326,56.28444775,1.27685738,25.97736511,6.400302602,6.44437836,6,6,0.706027028,0.086899555,0.75,0.111110325,0.204545455,0,22.88701354,65.41141585,63.79000485
27.74714868,64.45251372,15.25259859,45.52377274,7.349108106,7.750350202,6.23959659,6.140471738,0.378654466,0.02,0.464860776,0.45524471,0.113636364,0,25.99349931,51.36487789,43.39304201
40.59227655,50.65062806,14.37411627,34.71139068,7.833774805,7.690957491,6.82142734,6.533559518,0.458764127,0.127650983,0.567267636,0.396744335,0.204545455,0,25.25868589,29.16591883,17.02772235
9.174368092,60.70875888,18.66317395,25.90542421,9.24082295,8.347503036,6.971506444,8.629285774,0.617363592,0.75,0.75,0.02,0.113636364,0,28.28266514,25.02587058,8.768783371
28.57857571,35.76413785,0.234111268,0.399089011,7.103112069,6.822868092,6.838845789,6,0.738475024,0.091009023,0.75,0.02,0.272727273,0,20.9887737,36.48474237,30.48747789
32.7445808,46.42877158,28.65247255,0,6,9.5,9.5,6,0.02,0.02,0.75,0.75,0.204545455,0,23.75613671,56.20702562,51.83164527
22.36252776,29.90157924,4.329674978,0,7.244086335,6.390274379,8.332763251,6.318991478,0.432496354,0.316528231,0.05751256,0.354966694,0.272727273,0.045454545,20.0755942,27.01821065,19.83958574
31.95195652,80.18203504,18.75150239,14.06594201,8.001546525,9.172512471,6,6.531814086,0.536103618,0.02,0.725071648,0.75,0.068181818,0,28.22110766,42.07110086,29.61042621
13.30166285,70.3128494,27.57699544,28.96527743,9.5,8.775339056,6.360978083,6.203487721,0.338508198,0.095171201,0.521158499,0.730088967,0.045454545,0,28.10032256,43.30837693,31.29036063
21.85355051,30.5525081,4.685755593,0.937032164,7.289844632,6.761450909,8.45200266,6.358504395,0.506385331,0.330909635,0.104457022,0.238962078,0.272727273,0.022727273,20.75639482,23.20561156,14.476982
26.21926612,35.54982513,32.09232668,12.9482398,6,8.517032916,6.392084328,6,0.223415196,0.159292544,0.589140834,0.02,0.25,0,20.68781333,59.3817027,58.87193465
0.259095945,4.824356361,30.66733842,35.13187157,6,7.588306847,6.015102852,6.041462425,0.02,0.037907699,0.68415285,0.153761937,0.25,0.045454545,17.8689088,64.52511133,68.05809364
17.33573263,47.88451548,3.073950495,36.59878375,7.770187338,8.764874194,8.800621819,6.950198334,0.500189076,0.588956988,0.204422824,0.477074579,0.204545455,0,25.60289412,22.52885645,8.555362002
10.19156703,54.25026078,2.147128093,26.22451961,6.184543418,9.268396169,6.310007952,7.502514231,0.313215465,0.127925592,0.688902965,0.106084908,0.181818182,0,25.26748099,38.05722518,27.91921309
6.968143624,55.24947281,1.138246995,25.22486656,6,9.5,6,6.471494548,0.538906225,0.02,0.75,0.164013275,0.204545455,0,24.01052954,54.97263632,49.93014593
1.884944124,44.20160461,17.41489078,30.22857392,7.478074701,7.120484318,8.084690795,7.340063486,0.485444935,0.316506867,0.44688141,0.350830682,0.227272727,0,24.50760188,20.47877652,7.190733581
29.13021617,72.35659148,2.112679796,50.08108813,7.570181155,8.910361016,6.989220205,6.520315152,0.727319064,0.081031546,0.35528907,0.078517554,0.068181818,0,28.79846084,39.4349376,25.87430576
30.4958922,66.75661937,3.239321647,14.25611814,6,7.334690897,6.193801699,6.017027461,0.614428476,0.02,0.449041312,0.066180655,0.090909091,0,25.0647616,68.39991842,65.28739204
33.79436836,49.94985327,18.28210197,15.03233203,6.371232759,8.965799279,7.227725182,7.150402571,0.02,0.157078204,0.584635691,0.156027879,0.204545455,0,25.0259781,29.28695544,17.46352721
11.42089151,25.5344999,4.127783774,33.80641784,9.5,8.267551844,6.320379906,8.397987582,0.02,0.02,0.173924561,0.75,0.295454545,0.022727273,20.97112998,16.58626903,6.113344245
20.59333937,82.06824347,17.55060265,27.43957706,7.312793206,7.094441249,8.647445456,6.586777591,0.2492367,0.024071625,0.020194486,0.02706415,0.022727273,0,28.82033041,37.12889911,23.01373896
26.77046442,0,19.55800759,51.17650914,7.5279458,6.617100978,6.655879402,6.350521121,0.549749789,0.535143848,0.654577063,0.02,0.295454545,0.090909091,19.12296187,31.49577836,26.33067846
14.47107852,59.45656984,30.42083658,17.66090962,7.043694403,8.281128597,6,6.084308401,0.07490378,0.076231223,0.75,0.430101353,0.113636364,0,25.24760425,53.23711823,46.36976623
7.487923718,20.18477539,0.05929384,25.63361767,7.778860316,7.707717923,8.454875506,7.199744087,0.497273688,0.025878254,0.27680733,0.275053708,0.272727273,0.045454545,20.7856255,12.2095975,0.995620351
22.87428848,50.29839196,3.073950495,38.1613086,7.710936338,8.745123955,8.800621819,6.950198334,0.088405802,0.588849045,0.204422824,0.477074579,0.159090909,0,26.12412981,23.79079299,9.550477084
1.391108687,66.52201618,31.73684473,24.34120803,6,6.037783828,6,6,0.740798498,0.059265997,0.725323375,0.75,0.159090909,0,22.30542116,107.7880962,116.1816274
20.68484854,22.35363327,8.900349027,39.41000783,7.906467415,8.010262759,9.063013741,8.449927667,0.738594064,0.598824241,0.564476729,0.02,0.25,0.045454545,21.75542156,13.45372634,1.505002108
34.10092881,35.74513376,0,1.037635914,6.095686262,6.672516827,6.118595967,6.009626023,0.441643238,0.045854405,0.75,0.02,0.295454545,0,19.58132102,58.42679785,58.82771678
23.2228953,61.09625604,10.65557732,37.15819096,8.381122647,9.249888174,6.158864113,6.945466545,0.577649498,0.072280299,0.59148407,0.640874898,0.136363636,0,26.86386416,32.50777042,19.36645613
82.16682078,78.32433203,20.32501969,62.98803285,9.352337078,9.401420058,9.5,6.543551277,0.097490192,0.025773016,0.097827503,0.730118407,0,0,31.26373078,52.88540218,39.79939284
16.62361742,66.13293981,7.063097952,11.62082873,8.020702066,7.861487375,8.396487725,6.680167272,0.02,0.440461992,0.75,0.594541679,0.068181818,0,28.86811304,29.64415117,13.80394225
35.15723441,14.30327614,20.41028295,24.94451622,9.4323543,6.509386447,6.015456509,8.39820961,0.278327061,0.226351502,0.629142423,0.484428466,0.295454545,0.090909091,19.48150304,23.29106764,15.81180281
24.63480723,24.85457863,7.034943748,20.11160518,9.255340115,6,6,6,0.75,0.030536309,0.75,0.75,0.295454545,0.159090909,17.13651855,49.26941402,50.02713117
36.2883758,57.45204466,0,24.56569353,6.231595096,8.296110351,6,6,0.622804431,0.02,0.75,0.02,0.181818182,0,23.89491483,61.39170089,57.8854353
20.01699634,73.55978955,10.99384752,54.57489123,7.347592219,7.947323664,6.501001726,6,0.192510315,0.02,0.75,0.597300625,0.045454545,0,27.26970578,65.8533535,59.82899872
10.50795553,49.2267377,34.88337918,20.83079973,6,7.82539766,6,6,0.02,0.02,0.75,0.30295852,0.204545455,0,22.63725451,74.7886937,75.5674891
26.07065134,61.14273337,24.20981947,26.04988803,6.134723844,8.347585158,6,6,0.215814273,0.02,0.68793861,0.419791195,0.113636364,0,24.44755629,65.61741152,62.46673627
0.488311001,18.87297541,30.34480882,35.17574894,6.010887565,7.589057349,6.787644929,6.645750252,0.488886616,0.734586177,0.739085713,0.277025989,0.272727273,0.045454545,19.57729984,39.36554574,35.5645463
18.09981,20.08634432,19.84163916,10.35505606,7.267945223,6.437804598,7.225981784,7.656387842,0.75,0.75,0.75,0.02,0.295454545,0.090909091,19.76497479,15.64436826,6.24673884
36.17508951,28.10130262,23.70217283,26.05982241,7.487464747,6.806998191,7.061746768,7.06702767,0.450859388,0.445413455,0.639549999,0.296543609,0.25,0.022727273,20.95316622,17.21007607,6.921175922
22.87428848,50.29839196,3.073950495,38.1613086,9.410881701,8.745123955,8.800621819,6.950198334,0.088405802,0.588849045,0.204422824,0.352226365,0.159090909,0,26.37357388,23.98582805,9.526340156
23.61690507,33.94477618,0,9.045551736,6.405014924,7.453065394,6,6,0.590339634,0.655553926,0.75,0.214731615,0.295454545,0,19.713364,48.23672535,46.16448497
32.83788269,20.18477539,14.70421607,36.34444115,7.359908545,7.704091662,7.290835577,6.28273473,0.497273688,0.247547327,0.116415617,0.478692161,0.295454545,0.045454545,19.68018366,23.21213435,15.62959471
20.59333937,82.06824347,17.55060265,27.43957706,7.312793206,7.094441249,8.647445456,8.524058494,0.2492367,0.024071625,0.020194486,0.02706415,0.022727273,0,29.60078464,33.39888812,17.62959771
40.59227655,50.65062806,14.37411627,34.71139068,7.833774805,9.136611815,6.82142734,6.533559518,0.458764127,0.127650983,0.567267636,0.655033527,0.204545455,0,25.36658744,28.33799882,15.90419076
0,71.35740056,10.26702978,39.33095686,8.958783981,9.360330549,7.325078609,9.5,0.46339315,0.75,0.75,0.023399661,0.068181818,0,31.09862412,28.59096463,10.1692232
30.43766699,19.84628326,14.70421607,7.677561547,6.010664117,7.704091662,6.700755402,6.624460615,0.497273688,0.716752378,0.739085713,0.275053708,0.295454545,0.045454545,18.96274196,35.71168568,31.75307264
28.57857571,65.65338383,0.234111268,0.399089011,6.812296939,6.822868092,6.838845789,6,0.738475024,0.091009023,0.75,0.02,0.090909091,0,26.07619004,50.42882329,42.17796131
0,80.18203504,31.4702238,14.06594201,9.5,7.501311651,6,6,0.536103618,0.02,0.725071648,0.75,0.022727273,0,27.80293221,63.07697147,55.710329
20.86251293,34.98384724,12.45462461,12.03435628,8.319022352,8.475357678,6.545276479,8.757898043,0.421254641,0.428965913,0.347164873,0.75,0.272727273,0,22.67251283,17.18139648,5.072698388
0,71.35740056,10.26702978,39.33095686,8.424063296,9.5,8.485845279,9.5,0.46339315,0.75,0.233363901,0.023399661,0.045454545,0,31.35059674,28.33492555,9.595168825
31.95195652,80.18203504,18.75150239,14.06594201,7.425335074,9.172512471,6,6.531814086,0.536103618,0.02,0.725071648,0.75,0.068181818,0,28.10915004,42.31588305,30.02933045
25.18980149,31.10635485,18.90517383,42.89235674,7.958389539,8.502246136,6.222846842,6.586272641,0.737627928,0.034881162,0.565120009,0.269842525,0.295454545,0,20.94445294,26.58892545,18.37539023
19.57798003,32.97074253,0.566347496,29.09657605,8.163965927,8.658258554,6.838845789,6.450102649,0.748125264,0.635673918,0.75,0.609896744,0.272727273,0,21.50626963,20.59943459,10.49660302
2.903896007,22.28531476,24.80179214,24.51214913,6.112301851,6.17068308,6.027907615,8.884662188,0.584275632,0.724962219,0.154364382,0.717875246,0.295454545,0.113636364,18.08636088,44.21547249,42.91617452
19.59398968,35.76413785,37.50128965,1.012319294,8.189296602,6.822868092,8.023578916,8.432793878,0.447242893,0.75,0.75,0.609896744,0.25,0,24.07994872,21.50317105,8.873595741
36.2883758,57.45204466,0,24.56569353,6.231595096,8.296110351,6,6.278159537,0.622804431,0.02,0.75,0.02,0.181818182,0,24.2018823,52.95984515,47.22967593
1.884944124,44.20160461,17.41489078,30.22857392,8.432147925,7.120484318,8.084690795,7.340063486,0.485444935,0.316506867,0.44688141,0.350830682,0.227272727,0,24.65945478,20.39278204,6.924793059
0.422262224,4.27156929,0.631488025,24.3543211,6.004475789,7.840937473,6.118595967,6,0.75,0.02,0.151895495,0.02,0.295454545,0.045454545,17.84049663,54.79195186,56.24093863
5.608105183,24.17956132,15.8072467,26.53515243,9.243983477,8.199833084,9.371399409,6.930012087,0.550825313,0.608710412,0.579213439,0.030518796,0.25,0.022727273,21.40056184,13.7476661,2.23529384
21.30708252,13.60398518,32.09232668,14.12024084,6.059251,6.019750239,6.396971738,6,0.500664736,0.577637902,0.195771421,0.02,0.25,0.159090909,16.80074192,63.09840984,67.42026391
49.80307304,107.0415547,70.77406594,24.38652369,6.810255483,6,6,6,0.75,0.02,0.02,0.75,0.022727273,0,25.7936912,156.6071924,171.8497859
28.57857571,65.65338383,0.234111268,16.97906675,6.812296939,6.822868092,6.918566434,6,0.427514097,0.091009023,0.75,0.336624625,0.090909091,0,26.11395997,50.21298079,41.87674872
33.45605007,67.13223898,0,22.5898443,6,8.960686762,6,6.14521183,0.75,0.02,0.184038832,0.75,0.090909091,0,25.30546875,66.47159016,62.643325
24.8801117,67.13223898,82.19763502,22.5898443,6,8.960686762,6,6.14521183,0.75,0.02,0.184038832,0.75,0.045454545,0,26.01018733,106.9880685,111.1504916
13.30166285,70.3128494,27.57699544,28.96527743,6.517886585,8.775339056,6.360978083,6.203487721,0.338508198,0.095171201,0.521158499,0.730088967,0.045454545,0,27.33741401,48.58035791,38.56919258
24.17422566,28.78687992,32.09232668,12.9482398,9.211700264,9.186650758,6.396971738,6,0.223415196,0.577529959,0.75,0.02,0.25,0.022727273,20.49911594,37.08465554,31.68656646
0,71.35740056,10.26702978,39.33095686,8.424063296,9.5,8.485845279,8.211078441,0.46339315,0.75,0.233363901,0.023399661,0.045454545,0,31.15437011,28.76701355,10.32970214
5.149785815,47.02128015,13.4926018,28.52414512,6.291028155,7.770773355,8.578258289,7.505745071,0.252522702,0.590861105,0.492831494,0.303354392,0.204545455,0,24.74197592,29.56306573,18.11117686
0,71.35740056,10.26702978,39.33095686,8.37307651,9.5,8.485845279,8.54174306,0.46339315,0.75,0.233363901,0.023399661,0.045454545,0,31.18022359,28.68225791,10.199725
0,71.35740056,10.26702978,39.33095686,8.958783981,9.5,7.615077119,9.366653593,0.46339315,0.75,0.75,0.023399661,0.068181818,0,31.16958622,28.30567793,9.748342279
49.80307304,111.8704327,70.77406594,24.38652369,6.810255483,6,6,7.228249106,0.75,0.02,0.02,0.180731416,0,0,27.09155814,143.929104,154.9420264
0.259095945,4.824356361,30.66733842,35.13187157,7.734658734,9.338327308,6.015102852,6.041462425,0.02,0.037907699,0.68415285,0.153761937,0.25,0.022727273,19.59797969,45.35195444,42.68576899
19.59398968,35.76413785,37.50128965,1.012319294,7.103240942,6.822868092,6.079442409,7.239289139,0.447242893,0.75,0.75,0.609896744,0.25,0,21.85180475,36.07194243,28.91196423
33.45605007,19.39284368,0,22.5898443,6,8.960686762,6,6.14521183,0.75,0.02,0.184038832,0.75,0.295454545,0.045454545,18.27556473,53.21055806,53.82214969
1.884944124,44.20160461,17.41489078,30.22857392,8.432147925,8.192664392,8.084690795,7.340063486,0.485444935,0.198077845,0.44688141,0.350830682,0.227272727,0,24.85752065,18.9080325,4.90811976
0.259095945,27.96899175,26.53266499,35.13187157,6.052604722,7.588306847,6.015102852,7.175670286,0.02,0.700346448,0.333635433,0.153761937,0.295454545,0.022727273,19.69996467,43.90879735,40.89593069
18.38562144,60.42853773,9.85013873,38.14017278,7.077584591,8.457329912,6.464461571,6.433410191,0.356062803,0.343086446,0.437614597,0.412285505,0.113636364,0,26.69798188,36.57819189,24.55932069
7.096295666,56.90547546,0,25.69009946,6.788739069,9.5,6.118595967,7.615778349,0.322948738,0.02,0.75,0.02,0.181818182,0,25.67958449,30.77529439,18.5027321
32.83788269,82.86856782,14.70421607,36.34444115,7.765069238,7.704091662,9.466265524,6.28273473,0.497273688,0.247547327,0.116415617,0.275053708,0,0,31.92041919,44.41215443,28.65947793
26.27192437,22.55655245,35.43742919,0.869248602,6.996463873,7.031149029,6,9.5,0.02,0.75,0.129565363,0.02,0.25,0.045454545,19.97316167,32.01575836,25.92065919
10.50795553,49.2267377,34.88337918,20.83079973,6,6.546448505,6,6,0.02,0.02,0.75,0.30295852,0.204545455,0,21.83012865,81.13143517,84.14529611
32.83788269,27.14087405,14.70421607,36.34444115,7.765069238,7.704091662,6.700755402,6.624460615,0.497273688,0.716752378,0.3766673,0.275053708,0.295454545,0.022727273,20.44409588,19.15609186,9.842808711
30.4958922,66.75661937,3.239321647,14.25611814,6,6.221538107,6.193801699,6.017027461,0.614428476,0.02,0.449041312,0.066180655,0.181818182,0,23.04615588,86.41434741,89.3787338
0,34.63885517,31.4702238,14.06594201,9.5,7.650240008,6,6,0.536103618,0.02,0.725071648,0.75,0.25,0,20.97833635,47.79142059,44.20366332
1.884944124,44.20160461,17.41489078,30.22857392,6.750650485,7.120484318,8.084690795,7.340063486,0.485444935,0.316506867,0.44688141,0.350830682,0.227272727,0,24.22446423,23.28123613,10.93216424
45.84724621,34.43073753,12.8911427,29.82629438,6.516061207,7.737786586,6.07405394,6.559364323,0.657506531,0.369541945,0.598574839,0.02,0.295454545,0,20.76043462,36.97310516,31.29424937
7.096295666,56.90547546,0,25.69009946,8.680210407,9.5,6.118595967,6,0.315200213,0.02,0.75,0.02,0.181818182,0,24.87870157,45.06215732,36.83208659
19.57798003,32.97074253,31.34047286,29.09657605,8.163965927,8.658258554,6.838845789,6.450102649,0.748125264,0.635673918,0.75,0.609896744,0.25,0,22.10771362,23.53576313,13.43842916
0.259095945,27.96899175,26.53266499,37.57743594,6.052604722,7.588306847,6.015102852,8.051774032,0.02,0.700346448,0.333635433,0.153761937,0.295454545,0.022727273,20.04338578,43.38387766,39.89347928
0,71.35740056,10.26702978,39.33095686,8.958783981,9.5,9.477346655,9.366653593,0.46339315,0.75,0.75,0.023399661,0.022727273,0,31.74432228,28.79012147,9.740643526
34.08491916,10.25563408,0,10.83935987,6.094640877,7.314679062,6.879132454,6.345079042,0.75,0.02,0.021633883,0.02,0.295454545,0.068181818,18.48815709,35.86122836,32.42382341
1.884944124,44.20160461,17.41489078,30.22857392,7.478074701,7.120484318,8.084690795,6.236735887,0.692111025,0.316506867,0.44688141,0.350830682,0.227272727,0,23.59035457,29.7460971,19.50110139
31.95195652,80.18203504,18.75150239,14.06594201,6.687260913,8.504810881,6,6.531814086,0.536103618,0.02,0.725071648,0.75,0.045454545,0,27.69170268,46.1576115,35.18174707
0.152441771,44.76321793,16.06772181,28.6655604,8.706674859,8.199833084,8.497881415,8.373287756,0.735797337,0.608710412,0.030792055,0.275834392,0.227272727,0,25.16968069,18.6401714,4.250422391
24.17422566,16.01786167,32.09232668,12.9482398,6.553169561,6,6.396971738,6,0.4522485,0.577529959,0.443862528,0.02,0.25,0.159090909,17.1207749,51.39833381,52.6983827
30.4958922,66.75661937,3.239321647,14.25611814,6,6.221538107,6.193801699,6.283511281,0.614428476,0.02,0.279302523,0.066180655,0.181818182,0,23.34164892,78.54986836,79.43092934
12.88072542,60.42853773,9.85013873,38.14017278,7.077584591,8.457329912,6.688772466,6.433410191,0.356062803,0.343086446,0.437614597,0.091631878,0.113636364,0,26.86229106,35.30796706,22.84600514
18.26128242,24.49072964,34.32231934,16.410274,7.095134488,6.855939414,6.459805533,7.456783963,0.454140697,0.573023678,0.585963321,0.201487324,0.25,0.045454545,20.37241112,21.73713337,13.01859498
7.487923718,20.18477539,0.05929384,7.345917892,6.374197255,7.707717923,8.454875506,7.199744087,0.497273688,0.025878254,0.27680733,0.275053708,0.272727273,0.045454545,20.180737,20.13279002,11.36495585
28.57857571,35.76413785,0.234111268,0.399089011,7.103112069,6.822868092,8.923028052,6,0.738475024,0.091009023,0.75,0.02,0.25,0,21.51095202,35.76442349,29.07039193
36.20860077,65.38105367,18.66317395,21.01101048,8.294332505,8.407528968,7.642816795,8.629285774,0.621285506,0.75,0.143264258,0.02,0.090909091,0,29.32490566,26.18527846,9.096631137
19.59398968,2.479736356,37.50128965,1.012319294,7.103240942,6.822868092,6.838845789,6.765718396,0.447242893,0.409975413,0.203963555,0.609896744,0.25,0.068181818,20.26277484,21.47332972,12.83291642
5.608105183,24.17956132,15.8072467,36.96656299,8.852861264,8.199833084,9.109748724,6.271952746,0.603505491,0.367655396,0.615177905,0.061673051,0.25,0.022727273,20.64220726,23.88093728,15.44309925
34.08491916,10.25563408,0,10.83935987,6.094640877,7.314679062,8.770590014,6.345079042,0.75,0.02,0.021633883,0.02,0.25,0.068181818,18.92269802,35.19563305,31.16427486
16.07612886,24.90054008,17.85657633,5.161859578,6,9.5,6,6,0.75,0.75,0.02,0.02,0.295454545,0.022727273,18.5558161,58.07096814,59.48386437
